date,source,title,url,snippet
2025-11-05,Yabiladi.com,Revolut names former Mastercard executive Yacine Faqir as CEO for Morocco - Yabiladi.com,https://news.google.com/rss/articles/CBMimgFBVV95cUxPMGxWWkZVVURvOGJYMFV2Zl9yTlhROVcwdVN4ZzFjbmNvOW1WalBNSmtwc1VVbE9CeUtpbnhBMzBTM2JjV293ZW1qd0pwRFhFVGNldnY4dU9adG1CYzlWM0pBREZwMktyRWF6ZFVTb2xBc1lsVGFTaTZjQW9hRkRFaW9mTkxrY0YwejJJdzExNkMxNjBNMzhsRi13?oc=5,"<a href=""https://news.google.com/rss/articles/CBMimgFBVV95cUxPMGxWWkZVVURvOGJYMFV2Zl9yTlhROVcwdVN4ZzFjbmNvOW1WalBNSmtwc1VVbE9CeUtpbnhBMzBTM2JjV293ZW1qd0pwRFhFVGNldnY4dU9adG1CYzlWM0pBREZwMktyRWF6ZFVTb2xBc1lsVGFTaTZjQW9hRkRFaW9mTkxrY0YwejJJdzExNkMxNjBNMzhsRi13?oc=5"" target=""_blank"">Revolut names former Mastercard executive Yacine Faqir as CEO for Morocco</a>&nbsp;&nbsp;<font color=""#6f6f6f"">Yabiladi.com</font>"
2025-11-05,Axios,Inside Revolut's U.S. bank charter and growth plan - Axios,https://news.google.com/rss/articles/CBMiiAFBVV95cUxOLU1PMmJEeHMzTVBZdEswNTdEM1hGMG1BSWVGbldwVzVJUlpTNEpPTlRGTVdlUE1ESUtOMEVCYTZMOHYyR1FLbnhzUUtWSlIxSVhNOFFtRVJ5Nzh0NmJIRzhpWlRVV202X2JhSUc4VW41OVdDYVk0RmdsR1ZVcEhqR1R4SGFUT0Ut?oc=5,"<a href=""https://news.google.com/rss/articles/CBMiiAFBVV95cUxOLU1PMmJEeHMzTVBZdEswNTdEM1hGMG1BSWVGbldwVzVJUlpTNEpPTlRGTVdlUE1ESUtOMEVCYTZMOHYyR1FLbnhzUUtWSlIxSVhNOFFtRVJ5Nzh0NmJIRzhpWlRVV202X2JhSUc4VW41OVdDYVk0RmdsR1ZVcEhqR1R4SGFUT0Ut?oc=5"" target=""_blank"">Inside Revolut's U.S. bank charter and growth plan</a>&nbsp;&nbsp;<font color=""#6f6f6f"">Axios</font>"
2025-11-05,Techpoint Africa,Revolut appoints Yacine Faqir as CEO to lead Moroccan expansion - Techpoint Africa,https://news.google.com/rss/articles/CBMicEFVX3lxTE0xbm9qc0lURTJWalBKdlh6ZC1vYkZkcTJMbmZ3Q2diZ0VybHEtckJ5dGFOd1R0ZG93YVMtYWpiVHBuUEhfUmRwdGwwNzZ3ZGh1bTY5bWhDMVRHeDBFWjRVMXMyOXVVT0RNVFBYY0hPZ0I?oc=5,"<a href=""https://news.google.com/rss/articles/CBMicEFVX3lxTE0xbm9qc0lURTJWalBKdlh6ZC1vYkZkcTJMbmZ3Q2diZ0VybHEtckJ5dGFOd1R0ZG93YVMtYWpiVHBuUEhfUmRwdGwwNzZ3ZGh1bTY5bWhDMVRHeDBFWjRVMXMyOXVVT0RNVFBYY0hPZ0I?oc=5"" target=""_blank"">Revolut appoints Yacine Faqir as CEO to lead Moroccan expansion</a>&nbsp;&nbsp;<font color=""#6f6f6f"">Techpoint Africa</font>"
2025-11-05,TechAfrica News,Revolut Expands North African Presence with Appointment of Yacine Faqir as Morocco CEO - TechAfrica News,https://news.google.com/rss/articles/CBMiwwFBVV95cUxNYm42ajl2MlZhM2JRUmxIQnNCQXpMaTdhZC1qenRzZGRNRWVaQUplLTZZQThmbGptS3U0Rzg5MC05RUZqUE5LUFZ1eE93Y1RkRnBUalpTMXFrU3M5UURHME9nOG50ZTZRT0NtRHdIU3dUQlhqU2pRSDBRdy12YVg2WTVfSS1fS2swTWJEb1RLYzRETjg3Zl9UT3VFbjVKTTFrbDZtTl9ZMGU1U2dvREpHZEs2V0FNRXduc0F0SGxXM1BnUUE?oc=5,"<a href=""https://news.google.com/rss/articles/CBMiwwFBVV95cUxNYm42ajl2MlZhM2JRUmxIQnNCQXpMaTdhZC1qenRzZGRNRWVaQUplLTZZQThmbGptS3U0Rzg5MC05RUZqUE5LUFZ1eE93Y1RkRnBUalpTMXFrU3M5UURHME9nOG50ZTZRT0NtRHdIU3dUQlhqU2pRSDBRdy12YVg2WTVfSS1fS2swTWJEb1RLYzRETjg3Zl9UT3VFbjVKTTFrbDZtTl9ZMGU1U2dvREpHZEs2V0FNRXduc0F0SGxXM1BnUUE?oc=5"" target=""_blank"">Revolut Expands North African Presence with Appointment of Yacine Faqir as Morocco CEO</a>&nbsp;&nbsp;<font color=""#6f6f6f"">TechAfrica News</font>"
2025-11-05,Finance in Africa,"Revolut names ex-Mastercard exec, Yacine Faqir, as Morocco CEO, deepens North Africa expansion - Finance in Africa",https://news.google.com/rss/articles/CBMieEFVX3lxTFBWRWM0RDlPNWF2TGVzeWtBSlB6VGhadmI4akxPdTFMY3dPU2stNWVSMWVYaGUxajI2UjB1d2p1N2J6WUZmZHZZa2g5bGtfTjlzY0w4QkV6X1ZCVFhsNlNFYnFVakFnTzVZcWk5VDZZY2hxcHQ4NldXeA?oc=5,"<a href=""https://news.google.com/rss/articles/CBMieEFVX3lxTFBWRWM0RDlPNWF2TGVzeWtBSlB6VGhadmI4akxPdTFMY3dPU2stNWVSMWVYaGUxajI2UjB1d2p1N2J6WUZmZHZZa2g5bGtfTjlzY0w4QkV6X1ZCVFhsNlNFYnFVakFnTzVZcWk5VDZZY2hxcHQ4NldXeA?oc=5"" target=""_blank"">Revolut names ex-Mastercard exec, Yacine Faqir, as Morocco CEO, deepens North Africa expansion</a>&nbsp;&nbsp;<font color=""#6f6f6f"">Finance in Africa</font>"
2025-11-05,Tech Labari,Revolut Taps Former Mastercard Exec Yacine Faqir to Lead Morocco Expansion - Tech Labari,https://news.google.com/rss/articles/CBMinwFBVV95cUxOOHlWY2MxejBiTm9kdURlUmxTRWdaV1M4YVZmWFFLR0o2bUJwY1FiNm5FOVhtUm1NaUc1WVBqbzR0Z2l3cklwd083bXBnZldLeDByWmlqdXlLekVUSjRRWUM3MldyUHhEYU15dlpEZ1RYQS0zUFZtTms3RnhjdmNJdng5SUNGMkhEa0xMdjU3dFNTTktycE1QZDM4NE5WYjg?oc=5,"<a href=""https://news.google.com/rss/articles/CBMinwFBVV95cUxOOHlWY2MxejBiTm9kdURlUmxTRWdaV1M4YVZmWFFLR0o2bUJwY1FiNm5FOVhtUm1NaUc1WVBqbzR0Z2l3cklwd083bXBnZldLeDByWmlqdXlLekVUSjRRWUM3MldyUHhEYU15dlpEZ1RYQS0zUFZtTms3RnhjdmNJdng5SUNGMkhEa0xMdjU3dFNTTktycE1QZDM4NE5WYjg?oc=5"" target=""_blank"">Revolut Taps Former Mastercard Exec Yacine Faqir to Lead Morocco Expansion</a>&nbsp;&nbsp;<font color=""#6f6f6f"">Tech Labari</font>"
2025-11-05,business-review.eu,Revolut Study: What Romanians say about the safety of online shopping on Black Friday - business-review.eu,https://news.google.com/rss/articles/CBMi1AFBVV95cUxOcS1ZWWZFUGQxNUVySGdmVUptU2hnTDh2U0FJem1FX3RRRHFyNjZzVE9yT2tYYWUxeUlZRk1Lc3ZoN1FSUUhfMHQyV1BsR2pSRjlxSUR2NlpfMFdINXpGbDFWeVJySmh4UUFMVFo1WW5sQkZTSHdROFdzSm01aENJT25nQ2Y4ZEU0Y2xxOFJ6NEhWYlpURm1uX0ptOWRqV01UbFN5Z05kblFVTEE3QXdhUDNteXA3TlljXzVoM1Q5QUdIYnFpSHVHSkhJN3RVdnREd2Z3OA?oc=5,"<a href=""https://news.google.com/rss/articles/CBMi1AFBVV95cUxOcS1ZWWZFUGQxNUVySGdmVUptU2hnTDh2U0FJem1FX3RRRHFyNjZzVE9yT2tYYWUxeUlZRk1Lc3ZoN1FSUUhfMHQyV1BsR2pSRjlxSUR2NlpfMFdINXpGbDFWeVJySmh4UUFMVFo1WW5sQkZTSHdROFdzSm01aENJT25nQ2Y4ZEU0Y2xxOFJ6NEhWYlpURm1uX0ptOWRqV01UbFN5Z05kblFVTEE3QXdhUDNteXA3TlljXzVoM1Q5QUdIYnFpSHVHSkhJN3RVdnREd2Z3OA?oc=5"" target=""_blank"">Revolut Study: What Romanians say about the safety of online shopping on Black Friday</a>&nbsp;&nbsp;<font color=""#6f6f6f"">business-review.eu</font>"
2025-11-04,bobsguide.com,Revolut’s zero-fee stablecoin swaps: what changes for payments now - bobsguide.com,https://news.google.com/rss/articles/CBMilgFBVV95cUxPcUt6RGNsWHZhOU5GNWFkMDhjd0RZYmloR1MzVldBZU9BX2Vlc2N1Y0xwZEg2dGZGdUI1Z1ZnZnYxNi1nVWE0QzdfcU9uRHQyUmF3akp3UExpNGhoSGpFSHVwaGxHdjQ5SkhfWlZuVHlJX3V1dEJXXzJOa051OGNxWlZrcHRObUpGTlZNQk9uWmgwd3hkN2c?oc=5,"<a href=""https://news.google.com/rss/articles/CBMilgFBVV95cUxPcUt6RGNsWHZhOU5GNWFkMDhjd0RZYmloR1MzVldBZU9BX2Vlc2N1Y0xwZEg2dGZGdUI1Z1ZnZnYxNi1nVWE0QzdfcU9uRHQyUmF3akp3UExpNGhoSGpFSHVwaGxHdjQ5SkhfWlZuVHlJX3V1dEJXXzJOa051OGNxWlZrcHRObUpGTlZNQk9uWmgwd3hkN2c?oc=5"" target=""_blank"">Revolut’s zero-fee stablecoin swaps: what changes for payments now</a>&nbsp;&nbsp;<font color=""#6f6f6f"">bobsguide.com</font>"
2025-11-03,Meduza,Russian clients living in the E.U. struggle to regain banking access after fintech company Revolut freezes accounts - Meduza,https://news.google.com/rss/articles/CBMi6gFBVV95cUxPZXdEQlA5aDNvYkNuT0lRUkxvWGwxRjM4cXFPMTYxOXhOWmt1OW14dVh4LTh0YUtJWDVxM1ZUYzltSzZySV85T0RNd2haYmZDMmNlU1J5MVlyMzFYcGFCMFgwNm82M1FvNWo3WTdiOUp3V3pYWUdUTDE3ZWtjYThRenZTRVBKMlRpZTNjOG1JaTJ3bTRwNGV2dmdBb0o5cDZoSk5XY3N0eTlFUGhBWUhuc3c1V2d1WEc3S3gwa2ZCcTZjN1JXWUdXVi1xdDJISVZsNEt5bGxBRnBHanY2OGFrZEVYM2M5Q05qTmfSAe8BQVVfeXFMTTVaOHZhVlV4Vy1FLTR0YTRlb0Etdm1IVUxCUVl2Um8wbTAtV2NSOFBUal9EckdHUzJYaGhmU2tJRTNJWmpuZjE1X3VCQ1cxbkJaQ1JmN1JMSm91X2FVRUFldWM1c0ZteFhCYzNPUTdqbEpIQ2J1OTNGRk54aWRZLUI5N3BkNEp1Z3FzY2J5N1l4bE5WdGxNQUtkT2NpQ2NIcG5JcjVfelNqTm8yalpPTDRqeDBDZnhnSXhNVGVvM0NXQmR2YzNOckZEeS1RWEU2TVhFVzJoUGJxUFBJX2dUX2w1eWg5eENRU2k0MXFFOUE?oc=5,"<a href=""https://news.google.com/rss/articles/CBMi6gFBVV95cUxPZXdEQlA5aDNvYkNuT0lRUkxvWGwxRjM4cXFPMTYxOXhOWmt1OW14dVh4LTh0YUtJWDVxM1ZUYzltSzZySV85T0RNd2haYmZDMmNlU1J5MVlyMzFYcGFCMFgwNm82M1FvNWo3WTdiOUp3V3pYWUdUTDE3ZWtjYThRenZTRVBKMlRpZTNjOG1JaTJ3bTRwNGV2dmdBb0o5cDZoSk5XY3N0eTlFUGhBWUhuc3c1V2d1WEc3S3gwa2ZCcTZjN1JXWUdXVi1xdDJISVZsNEt5bGxBRnBHanY2OGFrZEVYM2M5Q05qTmfSAe8BQVVfeXFMTTVaOHZhVlV4Vy1FLTR0YTRlb0Etdm1IVUxCUVl2Um8wbTAtV2NSOFBUal9EckdHUzJYaGhmU2tJRTNJWmpuZjE1X3VCQ1cxbkJaQ1JmN1JMSm91X2FVRUFldWM1c0ZteFhCYzNPUTdqbEpIQ2J1OTNGRk54aWRZLUI5N3BkNEp1Z3FzY2J5N1l4bE5WdGxNQUtkT2NpQ2NIcG5JcjVfelNqTm8yalpPTDRqeDBDZnhnSXhNVGVvM0NXQmR2YzNOckZEeS1RWEU2TVhFVzJoUGJxUFBJX2dUX2w1eWg5eENRU2k0MXFFOUE?oc=5"" target=""_blank"">Russian clients living in the E.U. struggle to regain banking access after fintech company Revolut freezes accounts</a>&nbsp;&nbsp;<font color=""#6f6f6f"">Meduza</font>"
2025-11-03,FintechNews CH,Revolut Introduces 1:1 USD-to-Stablecoin Swaps Without Fees - FintechNews CH,https://news.google.com/rss/articles/CBMigwFBVV95cUxOcFFxbVBkdjdRS1RLQU9aT3dKbVVtVllwTGVfaTBuam5RalhJLUxpdE95UGxLc3lacVlPM0lBajk2dnRNS1pneTJ1Q2x5OWQtYXdNQldVYUtzTGktdEhLMEVjNEp3bFlURlRvWTRzYTNZQXJrdmVjci1FdDBqaTBuNFI1dw?oc=5,"<a href=""https://news.google.com/rss/articles/CBMigwFBVV95cUxOcFFxbVBkdjdRS1RLQU9aT3dKbVVtVllwTGVfaTBuam5RalhJLUxpdE95UGxLc3lacVlPM0lBajk2dnRNS1pneTJ1Q2x5OWQtYXdNQldVYUtzTGktdEhLMEVjNEp3bFlURlRvWTRzYTNZQXJrdmVjci1FdDBqaTBuNFI1dw?oc=5"" target=""_blank"">Revolut Introduces 1:1 USD-to-Stablecoin Swaps Without Fees</a>&nbsp;&nbsp;<font color=""#6f6f6f"">FintechNews CH</font>"
2025-11-03,FinTech Magazine,How Will Payments Change with Revolut’s 1:1 Stablecoin Rate? - FinTech Magazine,https://news.google.com/rss/articles/CBMilgFBVV95cUxNYlBMQ0VWMEFBZjJUWUZmUlJPSk9rdzYwQnkzSTV5RmRQNi1POXhKNEtOWVlMMGVxWWlCQU94d0NiWHRXZFFENUF5LXM5VTJRQUxEX1piZVhTNU5OUFMtdnRvblFyVjhuOTdtTTZ3dVFrbFhJMXk3SFpWVlMwR3diMXNrS2dDbXRaaTV0Z1oxRzZXWWp0T2c?oc=5,"<a href=""https://news.google.com/rss/articles/CBMilgFBVV95cUxNYlBMQ0VWMEFBZjJUWUZmUlJPSk9rdzYwQnkzSTV5RmRQNi1POXhKNEtOWVlMMGVxWWlCQU94d0NiWHRXZFFENUF5LXM5VTJRQUxEX1piZVhTNU5OUFMtdnRvblFyVjhuOTdtTTZ3dVFrbFhJMXk3SFpWVlMwR3diMXNrS2dDbXRaaTV0Z1oxRzZXWWp0T2c?oc=5"" target=""_blank"">How Will Payments Change with Revolut’s 1:1 Stablecoin Rate?</a>&nbsp;&nbsp;<font color=""#6f6f6f"">FinTech Magazine</font>"
2025-11-02,ForkLog,Russians Report Account Freezes at Bybit EU and Revolut - ForkLog,https://news.google.com/rss/articles/CBMihgFBVV95cUxQNzE3MFNJRElKTHpQNEFNVlg0Y2R0dzFOQ1Z2d1BXdV9wZ29oZWVVM21HME1tem5TbUlrQ1hhTnFOdHZDX0pTS19hVEEzYnVlZGRHV0hYOXVMcC1NM1IzZ2FHUGhvMXdjMWJ2LUcxeWlKVTBrU0hRZm1BUFdKeG1wb3NZMXZCZ9IBiwFBVV95cUxPelROX2p1V0ZYa3J2akFXUGlYQkJMc0FEZVhROTBvRkhTNkxEOGpTWnF5YjhJamFQdHdLMENPc3RSSTdkZ3hLazFSWXE3R0VXNDMwR0IzTmFieTM5WWNWbmpMaDRMMzBCdllzZTZ6S1lfekNiRTFLaXJiVXdUc3cxemZKemFlVWY3Z3h3?oc=5,"<a href=""https://news.google.com/rss/articles/CBMihgFBVV95cUxQNzE3MFNJRElKTHpQNEFNVlg0Y2R0dzFOQ1Z2d1BXdV9wZ29oZWVVM21HME1tem5TbUlrQ1hhTnFOdHZDX0pTS19hVEEzYnVlZGRHV0hYOXVMcC1NM1IzZ2FHUGhvMXdjMWJ2LUcxeWlKVTBrU0hRZm1BUFdKeG1wb3NZMXZCZ9IBiwFBVV95cUxPelROX2p1V0ZYa3J2akFXUGlYQkJMc0FEZVhROTBvRkhTNkxEOGpTWnF5YjhJamFQdHdLMENPc3RSSTdkZ3hLazFSWXE3R0VXNDMwR0IzTmFieTM5WWNWbmpMaDRMMzBCdllzZTZ6S1lfekNiRTFLaXJiVXdUc3cxemZKemFlVWY3Z3h3?oc=5"" target=""_blank"">Russians Report Account Freezes at Bybit EU and Revolut</a>&nbsp;&nbsp;<font color=""#6f6f6f"">ForkLog</font>"
2025-10-31,CryptoRank,Revolut Slashes Crypto Barriers With Zero-Fee Dollar-Stablecoin Swaps - CryptoRank,https://news.google.com/rss/articles/CBMiqwFBVV95cUxOOFltWndZMmduVUNOcG5CeUVrbEY3WGxWUC0zVnMyVzNXWnNISXdwMXlxLTZEUUQzelhiTm5GZ1g1X0cxRWdJMThpM3gyTVV5WEtud2c4b0Z5elJTRk5mdUd5clBNQTBQRzdnRFp1YWYyTlhpSGtHdXB6U2djM2QxZ0xEVmxCR3VlNURORlhiMm9tUHZGTkhEc3c4YkhvcUJTVi1PelBoZlhJNFE?oc=5,"<a href=""https://news.google.com/rss/articles/CBMiqwFBVV95cUxOOFltWndZMmduVUNOcG5CeUVrbEY3WGxWUC0zVnMyVzNXWnNISXdwMXlxLTZEUUQzelhiTm5GZ1g1X0cxRWdJMThpM3gyTVV5WEtud2c4b0Z5elJTRk5mdUd5clBNQTBQRzdnRFp1YWYyTlhpSGtHdXB6U2djM2QxZ0xEVmxCR3VlNURORlhiMm9tUHZGTkhEc3c4YkhvcUJTVi1PelBoZlhJNFE?oc=5"" target=""_blank"">Revolut Slashes Crypto Barriers With Zero-Fee Dollar-Stablecoin Swaps</a>&nbsp;&nbsp;<font color=""#6f6f6f"">CryptoRank</font>"
2025-10-31,CoinCentral,Revolut Drops All Fees for 65M Users in Surprise Crypto Move - CoinCentral,https://news.google.com/rss/articles/CBMijgFBVV95cUxNN0dObE9PZy13NzZGdjV6eWV5dUprQThKVnBrdktfVnlxemNKVEZaTjF1SDNQUHItZUJReXpCMVBjYkxzSWdXeVBPdVp5MWZxaV9FTTMyWVlSSHFLVzZtUXY5NkVfTkgxZm12NEJ6SUtFTlI4OWlPRHVTV2wtVUIwVUw5V2xja0d2T0FyOTBn?oc=5,"<a href=""https://news.google.com/rss/articles/CBMijgFBVV95cUxNN0dObE9PZy13NzZGdjV6eWV5dUprQThKVnBrdktfVnlxemNKVEZaTjF1SDNQUHItZUJReXpCMVBjYkxzSWdXeVBPdVp5MWZxaV9FTTMyWVlSSHFLVzZtUXY5NkVfTkgxZm12NEJ6SUtFTlI4OWlPRHVTV2wtVUIwVUw5V2xja0d2T0FyOTBn?oc=5"" target=""_blank"">Revolut Drops All Fees for 65M Users in Surprise Crypto Move</a>&nbsp;&nbsp;<font color=""#6f6f6f"">CoinCentral</font>"
2025-10-31,Finance Magnates,Revolut Launches Dollar-to-Stablecoin Swaps Under New EU Crypto License - Finance Magnates,https://news.google.com/rss/articles/CBMirAFBVV95cUxPVGxkbHpnZ2ZlMXpMYVlrVUZMSWlyYW44ZXZTY3V5aUFzUnpvTnJrQmU5c093bVNuSHhpanpScnlLWl9mUTFjN28tb3VmVzBfWk9obUFWS2FYU01zSkV4UTI2TUNDLU5oUmVQSXJyVVlqWDBjY3lKMmFHaDFCeGdXaWRDZmlCa0dRaHpPR3FIMGs2VE5zNWxGZTlWNnBmakYzSGdNWUFPbmZXVTFf0gGyAUFVX3lxTE5tb1RVM3JkOFVnbm1CN2tHU0V4ZFVUVDA2Y3lMTFRfOUpXR2JWVWJ0eUhGaDBpRTY1YjZCejd3blN3LUlDSzNlR3BKb0FiZW9GMlo5TnNpMUpVZDFIMG84S3hIekdUaVFHY1RaZm1yTU9pU1NDTmxOY0s4REtqUFYtWFQ2Mk9wZHk4UTZfN3BFT2xxaDVudnlVSmZTRFQwcnB5RWZjb3lDbGJ6dFFPQVNHTXc?oc=5,"<a href=""https://news.google.com/rss/articles/CBMirAFBVV95cUxPVGxkbHpnZ2ZlMXpMYVlrVUZMSWlyYW44ZXZTY3V5aUFzUnpvTnJrQmU5c093bVNuSHhpanpScnlLWl9mUTFjN28tb3VmVzBfWk9obUFWS2FYU01zSkV4UTI2TUNDLU5oUmVQSXJyVVlqWDBjY3lKMmFHaDFCeGdXaWRDZmlCa0dRaHpPR3FIMGs2VE5zNWxGZTlWNnBmakYzSGdNWUFPbmZXVTFf0gGyAUFVX3lxTE5tb1RVM3JkOFVnbm1CN2tHU0V4ZFVUVDA2Y3lMTFRfOUpXR2JWVWJ0eUhGaDBpRTY1YjZCejd3blN3LUlDSzNlR3BKb0FiZW9GMlo5TnNpMUpVZDFIMG84S3hIekdUaVFHY1RaZm1yTU9pU1NDTmxOY0s4REtqUFYtWFQ2Mk9wZHk4UTZfN3BFT2xxaDVudnlVSmZTRFQwcnB5RWZjb3lDbGJ6dFFPQVNHTXc?oc=5"" target=""_blank"">Revolut Launches Dollar-to-Stablecoin Swaps Under New EU Crypto License</a>&nbsp;&nbsp;<font color=""#6f6f6f"">Finance Magnates</font>"
2025-10-31,Yahoo Finance,65 Million Revolut Users Can Now Swap Stablecoins at Zero Cost - Yahoo Finance,https://news.google.com/rss/articles/CBMif0FVX3lxTE44RzZ2R2RoNkRaSnllVXJOVmt2LUkyeHl0T2RfUHlJNEEyWXdrVkphUWxEdXpFSllISmdsUmh2Nk5uZFE3b0EzeGlKc1BaQzJRNkxsbWNqWGRtT1hGWHg1NVZvZWR1dGlsWkU5VjNVN1ZUd2FEMkFGTUp4RnR5Ykk?oc=5,"<a href=""https://news.google.com/rss/articles/CBMif0FVX3lxTE44RzZ2R2RoNkRaSnllVXJOVmt2LUkyeHl0T2RfUHlJNEEyWXdrVkphUWxEdXpFSllISmdsUmh2Nk5uZFE3b0EzeGlKc1BaQzJRNkxsbWNqWGRtT1hGWHg1NVZvZWR1dGlsWkU5VjNVN1ZUd2FEMkFGTUp4RnR5Ykk?oc=5"" target=""_blank"">65 Million Revolut Users Can Now Swap Stablecoins at Zero Cost</a>&nbsp;&nbsp;<font color=""#6f6f6f"">Yahoo Finance</font>"
2025-10-31,TradingView,Revolut rolls out 1:1 USD-to-stablecoin swaps as fintechs warm to crypto - TradingView,https://news.google.com/rss/articles/CBMi0gFBVV95cUxQblNMTE1Lb1A5cVVKZ2RVajJnOTZJRWlfTVpEaGIzdThDLWlaUy1pMnpzRy1oanQ0MkxYVlNfSk12U2djV1Y3aGJFTkVIU0xXUHllYi1PT0lvd3VmRkc1aDlhZUFOb0Q0SzdMSW5zN0x4bHBWcWN2R2czWUlzaFEyZmthVVhIbjB5bDROdnhlVEE1OVdzRE9kMkh4OUhRQkx2aFBjUUVUUUg4UGpNcDhSX2E3T1l1TWFrempuU0NtZDVRUGprNHNvRzFMSkppRkM4Nnc?oc=5,"<a href=""https://news.google.com/rss/articles/CBMi0gFBVV95cUxQblNMTE1Lb1A5cVVKZ2RVajJnOTZJRWlfTVpEaGIzdThDLWlaUy1pMnpzRy1oanQ0MkxYVlNfSk12U2djV1Y3aGJFTkVIU0xXUHllYi1PT0lvd3VmRkc1aDlhZUFOb0Q0SzdMSW5zN0x4bHBWcWN2R2czWUlzaFEyZmthVVhIbjB5bDROdnhlVEE1OVdzRE9kMkh4OUhRQkx2aFBjUUVUUUg4UGpNcDhSX2E3T1l1TWFrempuU0NtZDVRUGprNHNvRzFMSkppRkM4Nnc?oc=5"" target=""_blank"">Revolut rolls out 1:1 USD-to-stablecoin swaps as fintechs warm to crypto</a>&nbsp;&nbsp;<font color=""#6f6f6f"">TradingView</font>"
2025-10-31,Financial Times,City grandee Michael Sherwood says Revolut systems are now ‘Goldman quality’ - Financial Times,https://news.google.com/rss/articles/CBMicEFVX3lxTE1GUldzMmJ1Q3Q2Wk1rdTVTalE2S0wtekhPU1RHam9Ocy1rT25TOWlFbklZeFZGSmd3OVI3RjR2STNTUnpsb2puZG1IQjhqSHVGbUIwMno4cEZkVTNzR2QyZjJhcHFzMGN5ZHJwUm0wY3g?oc=5,"<a href=""https://news.google.com/rss/articles/CBMicEFVX3lxTE1GUldzMmJ1Q3Q2Wk1rdTVTalE2S0wtekhPU1RHam9Ocy1rT25TOWlFbklZeFZGSmd3OVI3RjR2STNTUnpsb2puZG1IQjhqSHVGbUIwMno4cEZkVTNzR2QyZjJhcHFzMGN5ZHJwUm0wY3g?oc=5"" target=""_blank"">City grandee Michael Sherwood says Revolut systems are now ‘Goldman quality’</a>&nbsp;&nbsp;<font color=""#6f6f6f"">Financial Times</font>"
2025-10-31,Cryptonews,65 Million Revolut Users Can Now Swap Stablecoins at Zero Cost - Cryptonews,https://news.google.com/rss/articles/CBMilgFBVV95cUxONGU4S2lXQmJTaUFhYkVRNlZwWXJSZW5meWF2UEM1Q2c3LVhmYk5oS1BBU19ONHlPck1CcVlLQUoydFRMaHpKdEtoYUdWdVl1c3A1WEk3VHhWZEVOb2Z5ckhkeHB1cHY2VmJ1bEFwdUJiaVZPQUtCUExnOTNSWGNUUzlvNTJzOTBnRV9tRi1MbGF0TGVjRkE?oc=5,"<a href=""https://news.google.com/rss/articles/CBMilgFBVV95cUxONGU4S2lXQmJTaUFhYkVRNlZwWXJSZW5meWF2UEM1Q2c3LVhmYk5oS1BBU19ONHlPck1CcVlLQUoydFRMaHpKdEtoYUdWdVl1c3A1WEk3VHhWZEVOb2Z5ckhkeHB1cHY2VmJ1bEFwdUJiaVZPQUtCUExnOTNSWGNUUzlvNTJzOTBnRV9tRi1MbGF0TGVjRkE?oc=5"" target=""_blank"">65 Million Revolut Users Can Now Swap Stablecoins at Zero Cost</a>&nbsp;&nbsp;<font color=""#6f6f6f"">Cryptonews</font>"
2025-10-28,Banking Dive,"Revolut eyes bank charter to have ‘seat at the table,’ says US CEO - Banking Dive",https://news.google.com/rss/articles/CBMinAFBVV95cUxObVlaVjBLVzdDaTRCSkRfZGN0SVVhMU12eW9SMTZ2NV9NRjl4bFhyaXlDWE55ZlRFLUpkX0Z6T2U1Y2ZRY0tNSm9LVi1JdHV3NExhbk83cmJJWHJ3czA0TG1OQUxXQkw4LTN5RzZhLXN1bTdwa2M0VzVDUmJPUzcxQ1FrYlBCeVU1aUZoUlVncGxuaEY5MW1tQjlneFc?oc=5,"<a href=""https://news.google.com/rss/articles/CBMinAFBVV95cUxObVlaVjBLVzdDaTRCSkRfZGN0SVVhMU12eW9SMTZ2NV9NRjl4bFhyaXlDWE55ZlRFLUpkX0Z6T2U1Y2ZRY0tNSm9LVi1JdHV3NExhbk83cmJJWHJ3czA0TG1OQUxXQkw4LTN5RzZhLXN1bTdwa2M0VzVDUmJPUzcxQ1FrYlBCeVU1aUZoUlVncGxuaEY5MW1tQjlneFc?oc=5"" target=""_blank"">Revolut eyes bank charter to have ‘seat at the table,’ says US CEO</a>&nbsp;&nbsp;<font color=""#6f6f6f"">Banking Dive</font>"
2025-10-27,TheBanker.com,Revolut’s crypto licence sets the pace for rival neobanks in Europe - TheBanker.com,https://news.google.com/rss/articles/CBMiekFVX3lxTE1nXzBBSTMzQkw5a1hZWlJlVEJUZVlUczhLRTc5X3o5aVYyX1R6UGIxem9FQTZpY3ZVcGh2clZfbHlBM09ha1ZxTUgyeDZqcFIwZWwycTJsbHFMSU4xMUFlaXRKelk4OWlQMHZjRUtCa3VDSTZJMzdEU0NB?oc=5,"<a href=""https://news.google.com/rss/articles/CBMiekFVX3lxTE1nXzBBSTMzQkw5a1hZWlJlVEJUZVlUczhLRTc5X3o5aVYyX1R6UGIxem9FQTZpY3ZVcGh2clZfbHlBM09ha1ZxTUgyeDZqcFIwZWwycTJsbHFMSU4xMUFlaXRKelk4OWlQMHZjRUtCa3VDSTZJMzdEU0NB?oc=5"" target=""_blank"">Revolut’s crypto licence sets the pace for rival neobanks in Europe</a>&nbsp;&nbsp;<font color=""#6f6f6f"">TheBanker.com</font>"
2025-10-27,The National Herald,Cyprus OK’s Revolut License Targeting Crypto Services - The National Herald,https://news.google.com/rss/articles/CBMikAFBVV95cUxNWU9rRFlNVVhsTHBRZDQ2c182ZUhINXAtem5saWFINHN6MHRZWHdOVUV2OTFNTHB6WFZPcVl3ZThTTVFPT1VGZEc4V3c3UWM2QkJ3RndBQjVuWjFfSUsyeEVCWDYxRzhmUGFyYmNzbzBiSlJzTzlMOUNXMXh1alBFaW5tZmxIWVdwSjVhN1lXWFc?oc=5,"<a href=""https://news.google.com/rss/articles/CBMikAFBVV95cUxNWU9rRFlNVVhsTHBRZDQ2c182ZUhINXAtem5saWFINHN6MHRZWHdOVUV2OTFNTHB6WFZPcVl3ZThTTVFPT1VGZEc4V3c3UWM2QkJ3RndBQjVuWjFfSUsyeEVCWDYxRzhmUGFyYmNzbzBiSlJzTzlMOUNXMXh1alBFaW5tZmxIWVdwSjVhN1lXWFc?oc=5"" target=""_blank"">Cyprus OK’s Revolut License Targeting Crypto Services</a>&nbsp;&nbsp;<font color=""#6f6f6f"">The National Herald</font>"
2025-10-23,CoinDesk,"Revolut Secures MiCA License in Cyprus, Expanding Regulated Crypto Services Across EU - CoinDesk",https://news.google.com/rss/articles/CBMiywFBVV95cUxQRjEyQzQtRFRQYlpreEIyaTlPNi1CNFlwMTRQeHpLM2djSjBpc3RLdUxRWklkUkZGYXpSekRHbllPYkp5NlY0a3pzaDRSMDBVTWRVc2hYbGZfRk5NUnFDSHhHaGdCajJic2l6b21WelJhSUhNVXFRTjh5REc2Y25Md1FGSlFTRGo0VVdYdEFHR0Y3WVVtYk1nbUhrc0dvN1pyLTZPM3kyUHdkMll3cG1jaWY4cDRVZkxrV1hUeDMyQ1ZNNXEwM1FOZGExdw?oc=5,"<a href=""https://news.google.com/rss/articles/CBMiywFBVV95cUxQRjEyQzQtRFRQYlpreEIyaTlPNi1CNFlwMTRQeHpLM2djSjBpc3RLdUxRWklkUkZGYXpSekRHbllPYkp5NlY0a3pzaDRSMDBVTWRVc2hYbGZfRk5NUnFDSHhHaGdCajJic2l6b21WelJhSUhNVXFRTjh5REc2Y25Md1FGSlFTRGo0VVdYdEFHR0Y3WVVtYk1nbUhrc0dvN1pyLTZPM3kyUHdkMll3cG1jaWY4cDRVZkxrV1hUeDMyQ1ZNNXEwM1FOZGExdw?oc=5"" target=""_blank"">Revolut Secures MiCA License in Cyprus, Expanding Regulated Crypto Services Across EU</a>&nbsp;&nbsp;<font color=""#6f6f6f"">CoinDesk</font>"
2025-10-23,Finance Magnates,Revolut Just Got Permission to Sell Crypto to 450 Million Europeans - Finance Magnates,https://news.google.com/rss/articles/CBMirAFBVV95cUxPOTF5SWdWLXpoZEpwdjZkVFFfYmJEdWpKTnZwUl9ZNkFvempNRzdFZ1pGYThYNG9mQUdpR2xRb3VfMEdOWHlyaDllLU8xT3Q1OGpjRUpzX1pjZFk5cHNGNHdNMlVGdlc5dVJGSm9DRUVxUXFxSUNLNFluQWt5QU5yWGhvdkNMT0dUUENfeHBpTGppYzRacERIRVZjUGxjSTdXRVJiMVdZSE5RODNr0gGyAUFVX3lxTE9SdE9YT3pqR3VlSmtOT3VoWE51azF5SnpXOG1ITF9iZjZzSm95Y1BFVkExZV9ycHAzQ2x1YXBMYkhnZDV1S0ZYNGR0NkRleUkxNGYwWUs3OTZsdE1RVWthVENuUVBwQTVaZ01NNTdqaXhQRlNKMkhBTzFlajVnN2phUFdfWVdEeFJYQUN6Zm1LdjZTU1N4OHpJT1JpSnhWMEh5YU14dHoxNDM3WDJQSm9MalE?oc=5,"<a href=""https://news.google.com/rss/articles/CBMirAFBVV95cUxPOTF5SWdWLXpoZEpwdjZkVFFfYmJEdWpKTnZwUl9ZNkFvempNRzdFZ1pGYThYNG9mQUdpR2xRb3VfMEdOWHlyaDllLU8xT3Q1OGpjRUpzX1pjZFk5cHNGNHdNMlVGdlc5dVJGSm9DRUVxUXFxSUNLNFluQWt5QU5yWGhvdkNMT0dUUENfeHBpTGppYzRacERIRVZjUGxjSTdXRVJiMVdZSE5RODNr0gGyAUFVX3lxTE9SdE9YT3pqR3VlSmtOT3VoWE51azF5SnpXOG1ITF9iZjZzSm95Y1BFVkExZV9ycHAzQ2x1YXBMYkhnZDV1S0ZYNGR0NkRleUkxNGYwWUs3OTZsdE1RVWthVENuUVBwQTVaZ01NNTdqaXhQRlNKMkhBTzFlajVnN2phUFdfWVdEeFJYQUN6Zm1LdjZTU1N4OHpJT1JpSnhWMEh5YU14dHoxNDM3WDJQSm9MalE?oc=5"" target=""_blank"">Revolut Just Got Permission to Sell Crypto to 450 Million Europeans</a>&nbsp;&nbsp;<font color=""#6f6f6f"">Finance Magnates</font>"
2025-10-23,OneSafe,Revolut's Crypto 2.0: Cross-Border Payroll Made Easy with Crypto Payments - OneSafe,https://news.google.com/rss/articles/CBMigwFBVV95cUxNWVhJZXQwcEVZa2toRXVlOHQ2eUJ4NmlmaHRUYzRMWUFETV9oUXJZWVNnek5pWU5BT2VZNEFVd3dyclRqVmdOWnplb2R5Uk93X3VHWnN3V0s1b0V6bUg0OURxV3VPTks1R1lWWjR0RTZBQ1k4RUlsM2lYMDIyeUpTdEIzcw?oc=5,"<a href=""https://news.google.com/rss/articles/CBMigwFBVV95cUxNWVhJZXQwcEVZa2toRXVlOHQ2eUJ4NmlmaHRUYzRMWUFETV9oUXJZWVNnek5pWU5BT2VZNEFVd3dyclRqVmdOWnplb2R5Uk93X3VHWnN3V0s1b0V6bUg0OURxV3VPTks1R1lWWjR0RTZBQ1k4RUlsM2lYMDIyeUpTdEIzcw?oc=5"" target=""_blank"">Revolut's Crypto 2.0: Cross-Border Payroll Made Easy with Crypto Payments</a>&nbsp;&nbsp;<font color=""#6f6f6f"">OneSafe</font>"
